Column	Column2
128	N/A
129	N/A
130	N/A
131	N/A
132	N/A
133	N/A
134	N/A
135	N/A
136	N/A
137	N/A
138	N/A
139	N/A
140	N/A
141	N/A
142	N/A
143	Alberto Costa
144	N/A
145	N/A
146	N/A
147	N/A
148	Marques Júnior
149	N/A
150	N/A
151	N/A
152	António Braga
153	N/A
154	N/A
155	António José Seguro
156	N/A
157	N/A
158	N/A
159	N/A
160	N/A
161	N/A
162	N/A
163	N/A
164	N/A
165	N/A
166	N/A
167	N/A
168	N/A
169	N/A
170	N/A
171	N/A
172	N/A
174	N/A
175	N/A
176	N/A
177	N/A
178	N/A
179	Jorge Lacão
180	N/A
181	N/A
182	N/A
183	N/A
184	N/A
185	José Vera Jardim
186	N/A
187	José Lello
188	N/A
189	José Magalhães
190	N/A
191	N/A
192	N/A
193	Miranda Calha
194	N/A
195	N/A
196	N/A
197	N/A
198	N/A
199	N/A
200	N/A
201	N/A
202	N/A
203	N/A
204	Rosa Maria Albernaz
205	N/A
206	N/A
207	N/A
208	Agostinho Lopes
209	António Filipe
210	Jerónimo de Sousa
211	N/A
212	N/A
213	N/A
214	N/A
215	N/A
216	N/A
217	N/A
218	N/A
219	N/A
220	N/A
221	N/A
222	N/A
223	N/A
224	N/A
225	N/A
226	N/A
227	N/A
228	N/A
229	N/A
230	N/A
231	N/A
232	N/A
233	N/A
234	N/A
235	N/A
236	N/A
237	N/A
238	N/A
239	N/A
240	N/A
241	N/A
242	N/A
243	N/A
244	N/A
245	N/A
246	N/A
247	N/A
248	N/A
249	Mendes Bota
250	N/A
251	N/A
252	N/A
253	N/A
254	N/A
255	N/A
256	N/A
257	N/A
258	N/A
259	N/A
260	N/A
261	N/A
262	Laurentino Dias
263	Luís Fazenda
264	N/A
265	N/A
266	N/A
267	N/A
268	N/A
269	N/A
270	N/A
271	N/A
272	N/A
273	N/A
274	N/A
275	N/A
276	N/A
277	N/A
278	N/A
279	N/A
280	N/A
281	N/A
282	N/A
283	N/A
284	N/A
285	José Sócrates
286	N/A
287	N/A
288	Luís Capoulas
289	N/A
290	N/A
291	N/A
292	N/A
293	N/A
294	N/A
295	N/A
296	N/A
297	N/A
298	N/A
299	N/A
300	N/A
301	N/A
302	N/A
303	João Prata
304	N/A
305	N/A
306	N/A
307	N/A
308	N/A
309	N/A
310	N/A
311	N/A
312	N/A
313	N/A
314	N/A
315	N/A
316	N/A
317	N/A
318	N/A
319	Manuela Ferreira Leite
320	N/A
321	Francisco José Martins
322	N/A
323	N/A
324	N/A
325	N/A
326	N/A
327	N/A
328	N/A
329	N/A
330	N/A
331	N/A
332	N/A
333	N/A
334	João de Deus Pinheiro
335	N/A
336	N/A
337	N/A
338	N/A
339	N/A
340	N/A
341	N/A
342	N/A
344	N/A
345	N/A
346	N/A
347	N/A
348	N/A
349	N/A
350	N/A
351	N/A
352	N/A
353	N/A
354	N/A
355	N/A
356	Couto dos Santos
357	N/A
358	N/A
359	N/A
360	N/A
361	N/A
362	N/A
363	N/A
364	N/A
365	N/A
366	N/A
367	N/A
368	N/A
369	N/A
370	N/A
371	N/A
372	N/A
373	N/A
374	N/A
375	N/A
376	N/A
377	N/A
378	N/A
379	N/A
380	N/A
381	N/A
382	N/A
383	N/A
384	N/A
385	N/A
386	N/A
387	N/A
388	N/A
389	N/A
390	Mota Amaral
391	N/A
392	N/A
393	N/A
394	N/A
395	N/A
396	Alberto João Jardim
397	Correia de Jesus
398	N/A
399	N/A
400	N/A
401	N/A
402	N/A
403	N/A
404	N/A
405	N/A
406	N/A
407	N/A
408	N/A
409	N/A
410	N/A
411	N/A
412	N/A
413	Luís Pita Ameixa
414	N/A
415	N/A
416	N/A
417	Fernando Moniz
418	N/A
419	N/A
420	N/A
421	N/A
422	N/A
423	Luís Vaz
424	N/A
425	N/A
426	N/A
427	N/A
428	Fernando Serrasqueiro
429	N/A
430	N/A
431	N/A
432	N/A
433	N/A
434	N/A
435	N/A
436	N/A
437	Horácio Antunes
438	Carlos Zorrinho
439	N/A
440	N/A
441	N/A
442	N/A
443	N/A
444	N/A
445	N/A
446	N/A
447	N/A
448	N/A
449	N/A
450	N/A
451	N/A
452	N/A
453	N/A
454	N/A
455	N/A
456	João Paulo Pedrosa
457	N/A
458	N/A
459	N/A
460	N/A
461	N/A
462	Alberto Martins
463	N/A
464	N/A
465	N/A
466	N/A
467	N/A
468	N/A
469	N/A
470	N/A
471	N/A
472	N/A
473	N/A
474	N/A
475	N/A
476	N/A
477	N/A
478	N/A
479	N/A
480	N/A
481	N/A
482	N/A
483	N/A
484	N/A
485	N/A
486	N/A
487	Fernando Jesus
488	N/A
489	N/A
490	N/A
491	N/A
492	N/A
493	N/A
494	N/A
495	N/A
496	N/A
497	N/A
498	N/A
499	N/A
500	N/A
501	N/A
502	N/A
503	N/A
504	N/A
505	N/A
506	N/A
507	N/A
508	N/A
509	N/A
510	N/A
511	N/A
512	N/A
513	N/A
514	N/A
515	N/A
516	N/A
517	N/A
518	N/A
519	N/A
520	N/A
521	N/A
522	N/A
523	N/A
524	N/A
525	N/A
526	N/A
527	N/A
528	N/A
529	N/A
530	N/A
531	N/A
533	N/A
534	N/A
535	N/A
536	N/A
537	N/A
538	Luís Amado
539	N/A
540	N/A
541	N/A
542	N/A
543	N/A
544	N/A
545	N/A
546	N/A
547	N/A
548	N/A
549	N/A
550	N/A
551	N/A
552	N/A
553	N/A
554	N/A
555	N/A
556	N/A
557	N/A
558	N/A
559	N/A
560	N/A
561	N/A
562	N/A
563	N/A
564	N/A
565	N/A
566	N/A
567	N/A
568	N/A
569	N/A
570	N/A
571	N/A
572	N/A
573	N/A
574	N/A
575	N/A
576	N/A
577	N/A
578	N/A
579	N/A
580	N/A
581	N/A
582	N/A
583	N/A
584	N/A
585	N/A
586	N/A
587	N/A
588	N/A
589	N/A
590	N/A
591	N/A
592	N/A
593	N/A
594	N/A
595	N/A
596	N/A
597	N/A
598	N/A
599	N/A
600	N/A
601	N/A
602	N/A
603	N/A
604	N/A
605	N/A
606	N/A
607	N/A
608	N/A
609	N/A
610	N/A
611	N/A
612	N/A
613	N/A
614	Celeste Correia
615	N/A
616	N/A
617	N/A
618	Guilherme Silva
619	N/A
620	N/A
621	N/A
622	N/A
623	N/A
624	N/A
625	N/A
626	N/A
627	N/A
628	N/A
629	N/A
630	N/A
631	N/A
632	N/A
633	N/A
634	N/A
635	N/A
636	N/A
637	N/A
638	N/A
639	N/A
640	N/A
641	N/A
642	N/A
643	N/A
644	N/A
645	N/A
646	N/A
647	N/A
648	N/A
649	N/A
650	N/A
651	N/A
652	N/A
653	N/A
654	N/A
655	N/A
656	N/A
657	N/A
658	N/A
659	N/A
660	N/A
661	N/A
662	N/A
663	N/A
664	N/A
665	N/A
666	N/A
667	N/A
668	N/A
669	N/A
670	N/A
671	N/A
672	N/A
673	N/A
674	N/A
675	N/A
676	N/A
677	N/A
678	N/A
679	N/A
680	N/A
681	N/A
682	José Miguel Medeiros
683	N/A
684	N/A
685	N/A
686	N/A
687	N/A
688	N/A
689	N/A
690	N/A
691	N/A
692	N/A
693	N/A
694	N/A
695	N/A
696	N/A
697	N/A
698	N/A
699	N/A
701	N/A
702	N/A
703	N/A
704	N/A
705	N/A
706	N/A
707	N/A
708	N/A
709	N/A
710	Maria Luisa Tadeu
711	N/A
712	N/A
713	N/A
714	N/A
715	N/A
716	N/A
717	N/A
718	N/A
719	N/A
720	N/A
721	N/A
722	N/A
723	N/A
724	N/A
725	N/A
726	N/A
727	N/A
728	Rosalina Martins
729	N/A
730	N/A
731	N/A
732	N/A
733	N/A
734	João Duarte Cruz
735	N/A
736	N/A
737	N/A
738	N/A
739	N/A
740	N/A
741	N/A
742	N/A
743	N/A
744	N/A
745	N/A
746	N/A
747	N/A
748	N/A
749	N/A
750	N/A
751	N/A
752	N/A
753	N/A
754	N/A
755	N/A
756	N/A
757	N/A
758	N/A
759	N/A
760	N/A
761	N/A
762	N/A
763	N/A
764	N/A
765	N/A
766	N/A
767	N/A
768	N/A
769	N/A
770	N/A
771	N/A
772	N/A
773	N/A
774	N/A
775	N/A
776	N/A
777	N/A
778	N/A
779	N/A
780	José Luís Ferreira
781	N/A
782	N/A
783	N/A
784	N/A
785	N/A
786	N/A
787	N/A
788	N/A
789	N/A
790	N/A
791	N/A
792	N/A
793	N/A
794	N/A
795	N/A
796	N/A
797	N/A
798	N/A
799	N/A
800	N/A
801	N/A
802	N/A
803	João Semedo
804	N/A
805	N/A
806	N/A
807	N/A
808	N/A
809	N/A
810	N/A
811	N/A
812	N/A
813	N/A
814	N/A
815	N/A
816	N/A
817	N/A
818	N/A
819	N/A
820	N/A
821	N/A
822	N/A
823	N/A
824	N/A
825	N/A
826	N/A
827	N/A
828	N/A
829	N/A
830	N/A
831	N/A
832	N/A
833	N/A
834	Heloísa Apolónia
835	N/A
836	N/A
837	N/A
838	N/A
839	Pedro Soares
840	N/A
841	N/A
842	N/A
843	N/A
844	N/A
845	N/A
846	N/A
847	N/A
848	N/A
849	N/A
850	N/A
851	N/A
852	N/A
853	N/A
854	N/A
855	N/A
856	N/A
857	N/A
858	N/A
859	N/A
860	N/A
861	N/A
862	N/A
863	N/A
864	N/A
865	N/A
960	N/A
961	N/A
962	N/A
963	N/A
964	N/A
965	N/A
1060	N/A
1061	N/A
1062	N/A
973	N/A
974	N/A
1160	Umberto Pacheco
1260	N/A
1161	N/A
976	N/A
977	N/A
1164	Miguel Coelho
1165	N/A
1263	N/A
1167	N/A
982	N/A
983	N/A
984	N/A
1170	Rui Pereira
1268	N/A
1078	N/A
1079	N/A
1174	N/A
1175	N/A
1273	N/A
1177	N/A
1178	N/A
1179	N/A
1180	N/A
1088	N/A
1089	N/A
1278	Augusto Santos Silva
996	N/A
998	N/A
999	N/A
1000	N/A
1001	N/A
1094	N/A
1003	N/A
1288	N/A
1289	N/A
1195	N/A
1290	N/A
1291	N/A
1292	N/A
1293	N/A
1011	N/A
1012	N/A
1013	N/A
1105	João Sande e Castro
1298	N/A
1107	N/A
1206	N/A
1019	N/A
1020	N/A
1209	N/A
1210	N/A
1307	N/A
1024	N/A
1025	N/A
1310	N/A
1120	N/A
1312	N/A
1028	Sónia Fertuzinhos
1029	N/A
1030	N/A
1221	N/A
1315	N/A
1223	N/A
1034	N/A
1317	N/A
1036	N/A
1037	N/A
1038	N/A
1132	N/A
1133	N/A
1134	N/A
1325	N/A
1326	N/A
1234	N/A
866	N/A
867	N/A
868	N/A
869	N/A
870	N/A
871	N/A
872	N/A
966	N/A
967	N/A
873	N/A
874	N/A
875	N/A
876	N/A
877	N/A
1063	João Geraldes
1066	N/A
1068	N/A
1070	N/A
1071	N/A
1264	Sérgio Sousa Pinto
1168	N/A
1169	N/A
1075	N/A
894	N/A
1162	N/A
896	N/A
1080	N/A
1081	N/A
1082	N/A
1084	Maria José Nogueira Pinto
902	N/A
903	N/A
1276	N/A
1279	João Luís Fernandes
1092	N/A
1093	N/A
1283	N/A
1284	N/A
1285	N/A
1286	N/A
1287	N/A
915	N/A
916	N/A
1098	N/A
1099	N/A
919	N/A
920	N/A
1158	N/A
921	N/A
1199	N/A
1295	N/A
1296	N/A
1203	N/A
1204	N/A
928	N/A
1205	N/A
1302	N/A
1207	N/A
1208	N/A
1353	N/A
932	N/A
1306	N/A
1308	N/A
1117	N/A
1214	N/A
1119	N/A
939	N/A
1122	N/A
1219	N/A
1124	N/A
1314	N/A
1222	N/A
947	N/A
1128	N/A
1250	N/A
1129	N/A
1130	N/A
1227	N/A
1228	N/A
1322	N/A
954	N/A
955	N/A
1135	Helena Lopes da Costa
1136	N/A
1235	N/A
1329	N/A
1330	N/A
1141	Fernando Ferreira
1143	N/A
1239	Luís Marques Guedes
1240	N/A
1241	N/A
1242	N/A
1243	N/A
1244	N/A
1342	N/A
1343	N/A
1344	N/A
968	N/A
969	N/A
1328	N/A
970	N/A
878	N/A
882	N/A
883	N/A
884	N/A
885	N/A
886	N/A
887	N/A
888	N/A
889	N/A
890	N/A
891	N/A
892	N/A
1267	N/A
1171	N/A
895	N/A
1269	N/A
1173	N/A
897	N/A
898	N/A
899	N/A
900	N/A
901	N/A
994	N/A
995	N/A
1277	N/A
1183	N/A
1184	N/A
1185	N/A
1186	N/A
1282	N/A
1002	N/A
914	N/A
1004	N/A
1005	N/A
917	N/A
918	N/A
1008	N/A
1009	N/A
922	N/A
1200	N/A
1201	N/A
1297	N/A
926	N/A
1299	N/A
930	N/A
931	N/A
933	N/A
1211	N/A
1023	Maria do Rosário Carneiro
1212	Ana Catarina Mendonça Mendes
1213	N/A
938	N/A
1216	N/A
1217	N/A
1218	N/A
943	N/A
1031	N/A
946	N/A
1033	N/A
1224	N/A
1225	N/A
1226	N/A
951	N/A
1229	N/A
1230	N/A
956	N/A
1327	N/A
958	N/A
959	N/A
1046	N/A
1331	N/A
1332	N/A
1333	N/A
1334	N/A
1335	N/A
1051	N/A
1052	N/A
1054	N/A
1247	N/A
1248	N/A
1249	N/A
1058	Bernardino Soares
1252	Luciano Gomes
1253	N/A
1350	N/A
1157	N/A
1257	N/A
971	N/A
972	N/A
881	N/A
1261	N/A
975	N/A
1067	N/A
1262	Francisco de Assis
979	N/A
981	N/A
1265	N/A
1266	N/A
1076	N/A
987	N/A
1270	Jorge Strecht
1271	N/A
1272	N/A
991	N/A
992	N/A
1274	N/A
1275	N/A
1087	N/A
904	N/A
905	N/A
906	N/A
907	N/A
908	N/A
1281	N/A
910	N/A
911	N/A
912	N/A
913	N/A
1095	N/A
1096	N/A
1097	N/A
1006	N/A
1007	N/A
1100	N/A
1101	N/A
1010	N/A
1294	N/A
923	N/A
924	N/A
925	N/A
1106	N/A
927	N/A
1301	N/A
1018	N/A
1303	N/A
1112	N/A
1305	N/A
1022	N/A
934	N/A
936	N/A
1309	N/A
1118	N/A
1311	N/A
940	N/A
1313	N/A
942	N/A
1123	N/A
944	N/A
1125	N/A
1126	N/A
1316	N/A
948	N/A
1318	N/A
1319	N/A
1320	N/A
1321	N/A
1323	N/A
1324	N/A
1042	Durval Tiago Ferreira
1043	N/A
1137	N/A
1138	N/A
1139	N/A
1140	N/A
1142	N/A
1144	N/A
1336	N/A
1337	N/A
1338	N/A
1147	António Silva Preto
1339	José Soeiro
1341	N/A
1055	N/A
1056	N/A
1057	N/A
1345	N/A
1346	N/A
1347	N/A
1348	N/A
1349	N/A
1155	N/A
1351	N/A
1156	António Galamba
1352	Paulo Portas
879	N/A
880	N/A
1064	N/A
1065	N/A
1069	N/A
980	N/A
1072	N/A
1073	N/A
1074	N/A
985	N/A
1077	N/A
1172	Maria Manuela Augusto
988	N/A
989	N/A
990	N/A
1176	N/A
993	N/A
1086	N/A
1181	N/A
1182	N/A
1090	N/A
1091	N/A
997	N/A
909	N/A
1188	N/A
1189	N/A
1190	N/A
1191	N/A
1192	N/A
1193	N/A
1194	N/A
1196	N/A
1197	N/A
1198	N/A
1102	Pedro Mota Soares
1103	N/A
1104	N/A
1202	N/A
1014	N/A
1015	N/A
1016	N/A
1017	N/A
1109	N/A
1110	N/A
1111	N/A
1021	N/A
1113	N/A
1114	N/A
1115	N/A
1116	N/A
937	N/A
1026	N/A
1027	N/A
1121	N/A
941	N/A
945	N/A
1032	N/A
1127	N/A
1035	N/A
949	N/A
950	N/A
1131	N/A
952	N/A
953	N/A
1040	N/A
1041	N/A
1232	N/A
1233	N/A
957	N/A
1044	N/A
1236	N/A
1237	N/A
1047	N/A
1238	Sérgio Vieira
1048	Altino Bessa
1049	N/A
1050	N/A
1146	N/A
1053	N/A
1340	N/A
1245	António Montalvão Machado
1246	N/A
1149	N/A
1150	N/A
1151	N/A
1152	N/A
1059	N/A
1153	N/A
1154	N/A
1254	N/A
1255	N/A
1256	N/A
1258	N/A
1259	N/A
1355	N/A
1356	N/A
1357	N/A
1358	N/A
1360	N/A
1361	N/A
1461	N/A
1463	N/A
1561	Luís Montenegro
1660	N/A
1465	N/A
1562	N/A
1563	N/A
1564	N/A
1672	N/A
1673	N/A
1578	N/A
1774	N/A
1775	N/A
1585	N/A
1684	Maria de Lurdes Ruivo
1489	N/A
1490	N/A
1686	Pedro Duarte
1780	N/A
1691	N/A
1499	N/A
1693	N/A
1694	N/A
1785	N/A
1697	N/A
1505	N/A
1506	N/A
1507	N/A
1600	Jamila Madeira
1509	N/A
1510	N/A
1511	N/A
1702	N/A
1602	N/A
1796	N/A
1797	N/A
1515	N/A
1607	N/A
1521	N/A
1522	N/A
1804	N/A
1524	N/A
1525	N/A
1526	N/A
1808	N/A
1809	N/A
1716	N/A
1812	N/A
1719	N/A
1720	N/A
1721	N/A
1618	N/A
1818	N/A
1725	N/A
1727	N/A
1728	N/A
1540	N/A
1829	N/A
1830	N/A
1960	Rosário Águas
1834	N/A
1550	N/A
1551	N/A
1635	N/A
1838	N/A
1460	N/A
1362	N/A
1363	N/A
1560	N/A
1365	Carlos Silva e Sousa
1661	N/A
1370	N/A
1371	N/A
1372	N/A
1565	N/A
1567	N/A
1764	N/A
1765	N/A
1670	N/A
1379	N/A
1571	N/A
1380	Jorge Manuel Gonçalves
1674	N/A
1769	N/A
1675	N/A
1676	N/A
1582	N/A
1583	N/A
1586	N/A
1588	N/A
1589	N/A
1590	N/A
1688	N/A
1591	N/A
1781	N/A
1782	N/A
1401	N/A
1596	N/A
1597	N/A
1788	N/A
1790	N/A
1410	Vasco Cunha
1415	N/A
1704	N/A
1420	N/A
1421	N/A
1422	N/A
1708	N/A
1801	Raúl de Almeida
1709	N/A
1710	Herculano Gonçalves
1712	N/A
1806	N/A
2032	N/A
1717	N/A
1435	José Junqueiro
1722	N/A
1439	N/A
1621	N/A
1823	N/A
1443	N/A
1622	N/A
1623	N/A
1730	N/A
1625	N/A
1445	N/A
1446	N/A
1448	N/A
1449	N/A
1961	N/A
1632	N/A
1737	N/A
1738	Pedro Alves
1459	N/A
1843	N/A
1844	N/A
1462	N/A
1364	N/A
1464	N/A
1664	N/A
1665	N/A
1373	Osvaldo de Castro
1666	Luiz Fagundes Duarte
1667	N/A
1668	N/A
1669	N/A
1475	N/A
1478	N/A
1480	N/A
1481	N/A
1482	N/A
1678	N/A
1580	N/A
1679	Renato Sampaio
1388	N/A
1487	N/A
1777	Manuel Loff
1394	N/A
1687	N/A
1397	N/A
1402	N/A
1404	N/A
1405	N/A
1406	N/A
1787	N/A
1407	N/A
1789	N/A
1791	N/A
1792	N/A
1419	N/A
1705	N/A
1799	N/A
1803	N/A
1431	N/A
1810	N/A
1528	N/A
1529	N/A
1530	António Cabeço
1534	N/A
1441	N/A
1729	N/A
1541	N/A
1731	N/A
1732	N/A
1543	N/A
1544	N/A
1545	N/A
1831	N/A
1548	N/A
1962	N/A
1835	N/A
1453	N/A
1552	N/A
1964	N/A
1839	N/A
1554	Filipe Neto Brandão
1556	Manuel Bento Pereira
1941	Ana Drago
1969	Manuela de Melo
1847	N/A
1749	N/A
1974	Ricardo Bexiga
1975	N/A
1976	N/A
1977	António Gameiro
1756	N/A
1855	N/A
1856	José Manuel Ribeiro
1987	Eduardo Cabrita
1859	N/A
1989	N/A
1990	Miguel Frasquilho
1366	N/A
1367	N/A
1368	N/A
1369	N/A
1760	N/A
1761	N/A
1374	N/A
1375	N/A
1376	N/A
1377	N/A
1378	N/A
1476	N/A
1572	N/A
1573	N/A
1574	N/A
1384	Paulo Batista Santos
1385	N/A
1386	N/A
1773	N/A
1483	N/A
1581	N/A
1484	N/A
1387	N/A
1584	José Ribeiro e Castro
1587	N/A
1395	N/A
1396	N/A
1779	N/A
1398	N/A
1497	N/A
1783	N/A
1500	N/A
1784	N/A
1503	N/A
1408	N/A
1599	N/A
1508	N/A
1414	N/A
1795	N/A
1417	N/A
1418	N/A
1516	N/A
1517	N/A
1518	N/A
1800	Miguel Capão Filipe
1802	N/A
1609	N/A
1805	N/A
1430	N/A
1613	N/A
1433	N/A
1434	N/A
1813	N/A
1531	N/A
1532	N/A
1816	N/A
1438	N/A
1535	N/A
1819	N/A
1537	Hugo Velosa
1824	N/A
1539	N/A
1825	Luís Rodrigues
1826	Joaquim Ponte
1827	N/A
1628	N/A
1631	Custódia Fernandes
1549	N/A
1633	N/A
1456	N/A
1457	N/A
1841	N/A
1557	N/A
1642	N/A
1971	N/A
1972	Alexandre Rosa
1973	Mário Mourão
1646	N/A
1978	N/A
1979	N/A
1980	N/A
1662	N/A
1663	N/A
1468	N/A
1469	N/A
1566	N/A
1568	N/A
1569	N/A
1474	N/A
1671	Maria de Belém Roseira
1383	N/A
1576	N/A
1577	N/A
1677	N/A
1485	N/A
1486	N/A
1392	N/A
1393	N/A
1494	N/A
1495	N/A
1592	Vítor Baptista
1399	N/A
1400	N/A
1498	N/A
1696	Honório Novo
1504	N/A
1598	N/A
1699	N/A
1409	N/A
1700	Vitalino Canas
1411	N/A
1412	N/A
1413	N/A
1701	N/A
1512	Mota Andrade
1603	N/A
1604	N/A
1706	N/A
1423	N/A
1424	N/A
1523	N/A
1610	N/A
1611	N/A
1527	N/A
1432	N/A
1614	N/A
1615	N/A
1436	N/A
1437	N/A
1533	N/A
1723	N/A
1724	N/A
1620	N/A
1536	N/A
1726	N/A
1442	N/A
1538	N/A
1444	N/A
1624	N/A
1542	N/A
1626	N/A
1627	N/A
1733	Luís Pedro Pimentel
1630	N/A
1963	N/A
1634	N/A
1636	N/A
1740	N/A
1638	José Luís Arnaut
1640	N/A
1558	N/A
1559	N/A
1746	N/A
1748	N/A
1751	N/A
1754	N/A
1755	N/A
1757	N/A
1758	N/A
1984	N/A
1470	N/A
1763	N/A
1472	N/A
1473	N/A
1766	N/A
1570	Ricardo Gonçalves
1768	N/A
1477	N/A
1381	Jorge Manuel Sobral
1479	N/A
1770	N/A
1771	N/A
1772	N/A
1680	N/A
1681	N/A
1682	N/A
1683	José Ribeiro
1389	N/A
1390	N/A
1391	N/A
1776	N/A
1491	N/A
1492	N/A
1493	N/A
1778	N/A
1690	N/A
1496	N/A
1692	N/A
1593	N/A
1403	N/A
1594	Maria Antónia de Almeida Santos
1502	N/A
1698	N/A
1601	N/A
1793	N/A
1794	N/A
1416	N/A
1703	João Sequeira
1514	N/A
1605	N/A
1606	N/A
1798	N/A
1707	N/A
1519	N/A
1520	N/A
1425	N/A
1426	João Lopes
1427	N/A
1428	N/A
1429	N/A
1807	N/A
1714	N/A
1612	N/A
1715	Bruno Dias
1811	N/A
1718	N/A
1616	N/A
1814	João Soares
1815	N/A
1617	N/A
1440	N/A
1619	N/A
1820	N/A
1821	N/A
1822	N/A
1447	N/A
1547	N/A
1734	N/A
1735	N/A
1736	N/A
1836	N/A
1454	N/A
1455	N/A
1965	N/A
1840	N/A
1967	N/A
1639	José Eduardo Martins
1743	Ulisses Pereira
1970	N/A
1645	N/A
1750	N/A
1647	N/A
1648	N/A
1649	N/A
1851	N/A
1852	N/A
1650	N/A
1981	N/A
1982	N/A
1652	Fernando Rosas
1985	N/A
1986	N/A
1655	Telmo Correia
1958	N/A
1629	N/A
1832	N/A
1833	N/A
1450	Helder Amaral
1451	N/A
1452	N/A
1739	N/A
1553	Teresa Venda
1458	Carlos Alberto Gonçalves
1555	N/A
1641	N/A
1846	N/A
1747	N/A
1643	José de Matos Correia
1644	N/A
1848	N/A
1849	N/A
1752	N/A
1753	N/A
1850	N/A
1853	N/A
1854	N/A
1651	Francisco Louçã
1759	N/A
1857	N/A
1858	N/A
1654	João Rebelo
1861	N/A
1863	N/A
1864	N/A
1866	N/A
1867	Vieira da Silva
1868	N/A
1869	N/A
1870	N/A
1872	N/A
1873	N/A
1874	Jorge Pereira
1875	N/A
1877	N/A
1878	N/A
1879	N/A
1880	N/A
2006	N/A
1881	N/A
1883	N/A
1884	N/A
1885	N/A
1886	N/A
1888	N/A
1889	Valter Lemos
2014	N/A
1890	N/A
1892	N/A
1893	Pedro Coimbra
1894	N/A
1895	Ângela Pinto Correia
1896	N/A
1897	Teresa Morais
1898	N/A
1899	N/A
1900	N/A
2025	N/A
2026	N/A
1901	N/A
1902	N/A
1903	N/A
1904	N/A
1907	N/A
1908	N/A
1912	N/A
1913	N/A
1914	N/A
1915	N/A
1916	N/A
1917	N/A
2039	N/A
2040	N/A
1921	N/A
2042	N/A
1922	Pedro Brandão Rodrigues
1923	Teresa Caeiro
2045	N/A
1927	N/A
2047	N/A
1928	N/A
1929	N/A
1930	N/A
1931	Rodrigo Ribeiro
1933	N/A
1934	N/A
1936	N/A
1937	N/A
1938	N/A
2057	Jorge Vultos Sequeira
1939	N/A
1940	N/A
2060	N/A
2061	José Pedro Aguiar Branco
2062	N/A
2063	N/A
2064	Jorge Costa
2065	Agostinho Branquinho
2066	N/A
2067	N/A
2068	N/A
2069	Jorge Machado
2070	N/A
2071	Miguel Santos
2072	N/A
2073	N/A
2074	N/A
2075	N/A
2076	N/A
2077	Francisco Lopes
2078	N/A
2079	N/A
2080	Hélder Guerreiro
2081	N/A
2082	N/A
2083	N/A
2084	Nuno Magalhães
2085	N/A
2086	N/A
2087	N/A
2088	N/A
2089	Helena Oliveira
2090	N/A
2091	N/A
2092	Luísa Salgueiro
2093	N/A
2094	N/A
2095	Maria José Gamboa
2096	N/A
2097	N/A
2098	Manuel Pizarro
2099	N/A
2100	N/A
2101	N/A
2102	N/A
2103	N/A
2104	Carlos Páscoa Gonçalves
2105	N/A
2106	N/A
2107	Glória Araújo
2108	André Almeida
2109	Lúcio Ferreira
2110	N/A
2210	N/A
2211	N/A
2212	Miguel Laranjeiro
2213	Isabel Coutinho
2214	Manuel Mota
2118	José Braga
2215	Nuno Sá
2310	N/A
2216	N/A
2218	N/A
2411	N/A
2412	N/A
2510	N/A
2512	N/A
2418	N/A
2323	N/A
2612	N/A
2518	N/A
2519	N/A
2327	N/A
2618	N/A
2619	N/A
2428	N/A
2622	N/A
2624	N/A
2336	N/A
2337	N/A
2236	N/A
2238	N/A
2342	N/A
2532	N/A
2345	N/A
2347	N/A
2245	Paula Nobre de Deus
2351	N/A
2540	N/A
2643	N/A
2250	Miguel Freitas
2646	N/A
2359	N/A
2361	N/A
2549	N/A
2652	N/A
2656	N/A
2258	N/A
2562	N/A
2375	N/A
2565	N/A
2378	N/A
2379	N/A
2380	N/A
2575	N/A
2387	N/A
2681	N/A
2391	N/A
2684	N/A
2685	N/A
2480	N/A
2689	N/A
2274	Silvino Lúcio
2691	N/A
2486	N/A
2487	N/A
2277	N/A
2403	N/A
2491	N/A
2493	N/A
2282	N/A
2599	N/A
2498	N/A
2812	N/A
2707	N/A
2605	N/A
2290	Miguel Botelho Barbosa
2292	N/A
2709	N/A
2295	N/A
2297	N/A
2299	N/A
2300	Ilda Maria Novo
2832	N/A
2303	N/A
2835	N/A
2925	N/A
2728	N/A
2840	N/A
2841	N/A
2846	N/A
2847	N/A
2736	N/A
2111	N/A
2112	Acácio Coelho
2113	Alcídia Lopes
2114	Emídio Guerreiro
2115	Ana Maria Rocha
2116	N/A
2117	N/A
2120	N/A
2311	N/A
2122	N/A
2410	N/A
2125	N/A
2126	Zita Seabra
2319	N/A
2320	N/A
2129	João Paulo Correia
2611	N/A
2517	N/A
2133	N/A
2617	N/A
2136	N/A
2138	N/A
2139	N/A
2526	José Alberto Lourenço
2141	N/A
2338	N/A
2527	N/A
2528	N/A
2529	N/A
2530	N/A
2343	N/A
2344	N/A
2146	N/A
2346	N/A
2439	N/A
2350	N/A
2442	N/A
2444	N/A
2355	N/A
2645	N/A
2154	N/A
2451	N/A
2363	N/A
2551	N/A
2456	Bruno Maia
2554	N/A
2367	N/A
2658	N/A
2458	N/A
2374	N/A
2376	N/A
2163	Miguel Ferreira Roquette
2165	Jorge Fão
2382	N/A
2674	N/A
2676	N/A
2576	Eduardo Teixeira
2475	N/A
2477	N/A
2683	N/A
2686	N/A
2586	N/A
2175	N/A
2484	N/A
2485	N/A
2693	N/A
2590	N/A
2181	N/A
2697	N/A
2698	Maria Leonor Castro
2596	N/A
2495	N/A
2600	N/A
2187	N/A
2189	N/A
2607	N/A
2819	N/A
2820	João Pascoal
2821	N/A
2710	N/A
2824	N/A
2825	N/A
2826	N/A
2827	N/A
2828	N/A
2717	N/A
2718	N/A
2919	N/A
2920	N/A
2722	N/A
2723	N/A
2838	N/A
2200	N/A
2119	N/A
2121	N/A
2217	N/A
2123	N/A
2124	N/A
2219	N/A
2220	N/A
2127	N/A
2511	N/A
2128	Miguel Almeida
2513	N/A
2514	N/A
2515	N/A
2516	N/A
2613	N/A
2423	N/A
2521	N/A
2135	N/A
2522	Catarina Marcelino
2427	N/A
2230	João Portugal
2524	José Pereira da Silva
2525	N/A
2232	N/A
2233	N/A
2430	N/A
2627	N/A
2628	N/A
2629	N/A
2630	Maria de Lurdes Rodrigues
2631	N/A
2632	N/A
2435	Maria da Conceição Nogueira
2436	N/A
2635	N/A
2438	N/A
2244	N/A
2638	N/A
2441	N/A
2246	N/A
2247	N/A
2248	N/A
2445	N/A
2446	N/A
2447	N/A
2448	N/A
2449	N/A
2546	N/A
2648	N/A
2649	N/A
2650	N/A
2651	N/A
2157	N/A
2553	N/A
2555	N/A
2657	N/A
2659	N/A
2660	N/A
2661	N/A
2662	N/A
2663	N/A
2664	N/A
2463	N/A
2665	Jorge Paulo Oliveira
2162	N/A
2466	N/A
2467	N/A
2468	N/A
2670	N/A
2671	N/A
2672	N/A
2673	N/A
2573	N/A
2574	N/A
2167	Abel Baptista
2679	N/A
2268	Marcos Sá
2169	Paula Barros
2580	N/A
2270	Vasco Franco
2171	N/A
2478	N/A
2687	N/A
2688	N/A
2588	N/A
2176	N/A
2275	N/A
2178	N/A
2589	N/A
2695	N/A
2182	N/A
2280	N/A
2699	N/A
2700	N/A
2312	N/A
2313	N/A
2314	N/A
2316	N/A
2221	N/A
2318	Isabel Sande e Castro
2222	N/A
2321	N/A
2322	N/A
2324	N/A
2226	N/A
2132	Idália Moniz
2614	N/A
2615	N/A
2134	N/A
2328	N/A
2229	N/A
2523	N/A
2621	N/A
2140	N/A
2626	N/A
2235	N/A
2142	N/A
2144	N/A
2633	N/A
2534	N/A
2536	N/A
2349	N/A
2639	N/A
2640	N/A
2150	N/A
2541	N/A
2151	N/A
2644	N/A
2153	N/A
2251	N/A
2360	N/A
2155	Luís Gonelha
2362	N/A
2253	Hugo Nunes
2364	N/A
2653	N/A
2365	N/A
2159	N/A
2369	N/A
2370	N/A
2371	N/A
2372	N/A
2373	N/A
2161	N/A
2261	N/A
2666	N/A
2566	N/A
2668	N/A
2569	N/A
2570	N/A
2383	N/A
2386	N/A
2267	N/A
2168	N/A
2578	N/A
2389	Tiago Vasconcelos
2390	Cláudia Sousa Babo
2583	N/A
2584	N/A
2585	N/A
2272	N/A
2587	N/A
2690	N/A
2177	N/A
2692	N/A
2276	N/A
2694	N/A
2402	N/A
2278	N/A
2279	N/A
2594	N/A
2595	N/A
2281	N/A
2597	N/A
2598	N/A
2185	N/A
2601	N/A
2705	N/A
2813	N/A
2287	N/A
2289	N/A
2190	N/A
2291	N/A
2608	N/A
2609	N/A
2317	N/A
2414	N/A
2415	N/A
2416	N/A
2610	N/A
2225	Hortense Martins
2131	N/A
2325	N/A
2422	N/A
2326	N/A
2616	N/A
2228	N/A
2426	N/A
2620	N/A
2231	Rui Crisóstomo
2623	N/A
2625	N/A
2339	N/A
2340	N/A
2341	N/A
2434	N/A
2240	N/A
2241	N/A
2242	N/A
2243	N/A
2637	N/A
2148	N/A
2149	N/A
2352	N/A
2641	Paulo Cavaleiro
2642	N/A
2249	N/A
2356	N/A
2357	N/A
2358	N/A
2647	N/A
2252	N/A
2452	N/A
2453	N/A
2454	N/A
2455	N/A
2654	N/A
2655	N/A
2158	N/A
2457	N/A
2368	N/A
2259	N/A
2459	N/A
2460	N/A
2461	N/A
2462	N/A
2260	Odete João
2464	N/A
2465	N/A
2667	N/A
2164	N/A
2263	Ana Paula Vitorino
2381	N/A
2166	N/A
2471	N/A
2265	Ana Couto
2675	N/A
2266	João Serrano
2677	N/A
2678	N/A
2388	N/A
2680	N/A
2269	N/A
2682	N/A
2392	N/A
2393	N/A
2172	N/A
2271	N/A
2394	N/A
2395	N/A
2273	N/A
2483	N/A
2179	N/A
2488	N/A
2489	N/A
2490	N/A
2405	N/A
2406	N/A
2407	N/A
2408	N/A
2409	N/A
2703	N/A
2810	N/A
2285	N/A
2706	N/A
2188	N/A
2502	N/A
2816	N/A
2504	N/A
2818	N/A
2417	N/A
2130	N/A
2421	N/A
2227	Jorge Seguro Sanches
2520	N/A
2424	N/A
2425	N/A
2329	N/A
2330	N/A
2331	N/A
2332	N/A
2333	N/A
2334	N/A
2335	N/A
2234	João Oliveira
2431	N/A
2432	N/A
2237	N/A
2433	José Moura Soeiro
2239	N/A
2531	N/A
2145	N/A
2533	N/A
2437	N/A
2440	N/A
2537	Ana Isabel Ribeiro
2538	N/A
2539	N/A
2353	N/A
2354	N/A
2542	N/A
2543	N/A
2544	N/A
2545	N/A
2450	N/A
2547	N/A
2548	N/A
2156	Mariana Aiveca
2550	N/A
2254	N/A
2552	N/A
2256	N/A
2366	N/A
2257	Rita Miguel
2556	N/A
2557	N/A
2558	N/A
2559	N/A
2560	N/A
2561	N/A
2160	N/A
2563	N/A
2564	Maria da Conceição Soares
2377	N/A
2262	N/A
2567	Paulo Jorge Pimenta
2568	N/A
2469	N/A
2470	N/A
2571	N/A
2572	N/A
2384	N/A
2385	N/A
2472	N/A
2473	N/A
2474	N/A
2577	N/A
2476	N/A
2579	N/A
2170	N/A
2581	N/A
2582	N/A
2479	N/A
2173	N/A
2174	N/A
2482	N/A
2396	N/A
2397	N/A
2398	N/A
2400	N/A
2401	N/A
2591	N/A
2593	N/A
2492	N/A
2183	Paulo Barradas
2494	N/A
2184	Miguel Tiago
2283	N/A
2497	N/A
2811	N/A
2286	N/A
2500	N/A
2501	N/A
2288	N/A
2508	N/A
2509	N/A
2911	N/A
2912	N/A
2913	N/A
2914	N/A
2915	N/A
2916	N/A
2917	N/A
2918	N/A
2302	N/A
2198	N/A
2921	N/A
2836	N/A
2837	N/A
2306	N/A
2307	N/A
2308	N/A
2926	N/A
2927	N/A
2203	N/A
2842	N/A
2843	N/A
2844	N/A
2845	N/A
2935	N/A
2848	N/A
2937	N/A
2208	N/A
2851	N/A
2940	N/A
2941	N/A
2942	N/A
2852	N/A
2943	N/A
2944	N/A
2946	N/A
2947	N/A
2948	N/A
2949	N/A
2950	N/A
2951	N/A
2952	N/A
2953	N/A
2863	N/A
2756	N/A
2955	N/A
2866	N/A
2867	N/A
2868	N/A
2871	N/A
2872	N/A
2873	N/A
2963	N/A
2875	N/A
2876	N/A
2966	N/A
2878	N/A
2879	N/A
2880	N/A
2881	N/A
2882	N/A
2883	N/A
2972	N/A
2973	N/A
2974	N/A
2975	N/A
2886	N/A
2887	N/A
2888	N/A
2889	N/A
2980	N/A
2981	N/A
2982	N/A
2894	N/A
2895	N/A
2896	N/A
2985	N/A
2986	N/A
2987	N/A
2897	N/A
2989	N/A
2899	N/A
2991	N/A
2993	N/A
2904	N/A
2994	N/A
2995	N/A
2996	N/A
2997	N/A
2998	N/A
2999	N/A
3000	N/A
3001	N/A
2807	N/A
2808	N/A
2496	N/A
2284	N/A
2186	N/A
2499	N/A
2603	N/A
2604	N/A
2708	N/A
2606	N/A
2505	N/A
2506	N/A
2507	N/A
2192	Diana Andringa
2910	N/A
2711	N/A
2712	N/A
2713	N/A
2714	N/A
2715	N/A
2716	N/A
2196	N/A
2301	N/A
2719	N/A
2720	N/A
2721	N/A
2304	N/A
2922	N/A
2923	N/A
2924	N/A
2928	N/A
2929	N/A
2930	N/A
2931	N/A
2204	N/A
2933	N/A
2934	N/A
2734	N/A
2936	N/A
2207	N/A
2737	N/A
2738	N/A
2939	N/A
2743	N/A
2744	N/A
2745	N/A
2746	N/A
2747	N/A
2748	N/A
2749	N/A
2750	N/A
2751	N/A
2752	N/A
2753	N/A
2954	N/A
2755	N/A
2757	N/A
2956	N/A
2957	N/A
2958	N/A
2959	N/A
2960	N/A
2961	N/A
2962	N/A
2764	N/A
2765	N/A
2964	N/A
2965	N/A
2768	N/A
2967	N/A
2968	N/A
2969	N/A
2970	N/A
2971	N/A
2774	N/A
2775	N/A
2777	N/A
2976	N/A
2977	N/A
2978	N/A
2979	N/A
2782	Ana Avoila
2783	N/A
2784	N/A
2785	N/A
2983	N/A
2984	N/A
2788	N/A
2988	N/A
2792	N/A
2990	N/A
2794	N/A
2992	N/A
2796	N/A
2797	N/A
2798	N/A
2800	N/A
2801	N/A
2802	N/A
2817	N/A
2294	N/A
2193	N/A
2296	N/A
2194	Cecília Honório
2298	N/A
2195	Ricardo Rodrigues
2829	N/A
2830	N/A
2831	N/A
2197	N/A
2833	N/A
2834	N/A
2199	N/A
2305	N/A
2724	N/A
2725	N/A
2726	N/A
2309	N/A
2839	Rita Calvário
2202	N/A
2729	Bravo Nico
2730	N/A
2731	N/A
2732	N/A
2733	N/A
2205	N/A
2206	N/A
2735	N/A
2849	N/A
2850	N/A
2209	N/A
2740	N/A
2741	N/A
2742	N/A
2853	N/A
2854	N/A
2855	N/A
2856	N/A
2857	N/A
2858	N/A
2859	N/A
2860	N/A
2861	N/A
2862	N/A
2754	N/A
2864	N/A
2865	Rui Pedro Ribeiro
2758	N/A
2759	N/A
2760	N/A
2870	N/A
2761	N/A
2762	N/A
2763	N/A
2874	N/A
2766	N/A
2767	N/A
2877	N/A
2769	Álvaro Carneiro
2770	N/A
2771	N/A
2772	N/A
2773	N/A
2884	N/A
2776	N/A
2885	N/A
2778	N/A
2779	N/A
2780	N/A
2781	N/A
2890	N/A
2891	N/A
2892	N/A
2893	N/A
2786	N/A
2787	N/A
2789	N/A
2790	N/A
2791	N/A
2898	N/A
2793	N/A
2900	N/A
2795	N/A
2902	N/A
2903	N/A
2799	N/A
2905	N/A
2906	N/A
2907	N/A
2908	N/A
2909	N/A
2805	N/A
2806	N/A
2809	N/A
3004	N/A
3005	N/A
3006	N/A
3007	N/A
3008	N/A
3009	N/A
3010	N/A
3011	N/A
3012	N/A
3013	N/A
3014	N/A
3015	N/A
3016	N/A
3017	N/A
3018	N/A
3019	N/A
3020	N/A
3021	N/A
3022	N/A
3023	N/A
3024	N/A
3025	N/A
3026	N/A
3027	N/A
3028	N/A
3029	N/A
3030	N/A
3031	N/A
3032	N/A
3033	N/A
3034	N/A
3035	N/A
3036	N/A
3037	N/A
3038	N/A
3039	N/A
3040	N/A
3041	N/A
3042	N/A
3043	N/A
3044	N/A
3045	N/A
3046	N/A
3047	N/A
3048	N/A
3049	N/A
3050	N/A
3051	N/A
3052	N/A
3053	N/A
3054	N/A
3055	N/A
3056	N/A
3057	N/A
3058	N/A
3059	N/A
3060	N/A
3061	N/A
3062	N/A
3063	N/A
3064	N/A
3065	N/A
3066	N/A
3067	N/A
3068	N/A
3069	N/A
3070	N/A
3071	N/A
3072	N/A
3073	N/A
3074	N/A
3075	N/A
3076	N/A
3078	N/A
3079	N/A
3080	N/A
3081	N/A
3082	N/A
3083	N/A
3084	N/A
3085	N/A
3086	N/A
3087	N/A
3088	N/A
3089	N/A
3090	N/A
3091	N/A
3092	N/A
3093	N/A
3094	N/A
3095	N/A
3096	N/A
3097	N/A
3098	N/A
3099	N/A
3100	N/A
3101	N/A
3102	N/A
3201	N/A
3202	N/A
3205	N/A
3302	N/A
3304	N/A
3209	N/A
3210	N/A
3504	N/A
3213	N/A
3214	N/A
3508	N/A
3606	N/A
3218	N/A
3511	N/A
3609	N/A
3513	N/A
3514	N/A
3223	N/A
3610	N/A
3611	N/A
3518	N/A
3227	N/A
3228	N/A
3229	N/A
3327	N/A
3618	N/A
3620	N/A
3621	N/A
3622	N/A
3623	N/A
3427	N/A
3625	N/A
3336	N/A
3533	N/A
3431	N/A
3432	N/A
3433	N/A
3434	N/A
3633	N/A
3634	N/A
3635	N/A
3636	N/A
3637	N/A
3638	N/A
3639	N/A
3540	N/A
3253	N/A
3542	N/A
3255	N/A
3544	N/A
3545	N/A
3546	N/A
3547	N/A
3548	N/A
3549	N/A
3550	N/A
3453	N/A
3454	N/A
3360	N/A
3554	N/A
3267	N/A
3268	N/A
3557	N/A
3270	N/A
3659	N/A
3367	N/A
3463	N/A
3562	N/A
3465	N/A
3466	N/A
3467	N/A
3468	N/A
3377	N/A
3473	N/A
3474	N/A
3475	N/A
3674	N/A
3675	N/A
3574	N/A
3383	N/A
3384	N/A
3290	N/A
3386	N/A
3292	N/A
3293	N/A
3103	N/A
3104	N/A
3105	N/A
3106	N/A
3107	N/A
3301	N/A
3109	N/A
3303	N/A
3111	N/A
3305	N/A
3306	N/A
3307	N/A
3308	N/A
3309	N/A
3505	N/A
3603	N/A
3507	N/A
3313	N/A
3509	N/A
3608	N/A
3317	N/A
3318	N/A
3319	N/A
3515	N/A
3321	N/A
3322	N/A
3415	N/A
3416	N/A
3418	N/A
3523	N/A
3524	N/A
3525	N/A
3526	N/A
3424	N/A
3425	N/A
3334	N/A
3142	N/A
3626	N/A
3627	N/A
3628	N/A
3629	N/A
3340	N/A
3341	N/A
3632	N/A
3150	N/A
3151	N/A
3152	N/A
3153	N/A
3441	N/A
3541	N/A
3158	N/A
3543	N/A
3160	N/A
3162	N/A
3163	N/A
3355	N/A
3451	N/A
3167	N/A
3456	N/A
3655	N/A
3458	N/A
3657	N/A
3460	N/A
3461	N/A
3368	N/A
3370	N/A
3663	N/A
3372	N/A
3373	N/A
3567	N/A
3568	N/A
3569	N/A
3570	N/A
3571	N/A
3185	N/A
3380	N/A
3676	N/A
3191	N/A
3480	N/A
3581	N/A
3682	N/A
3389	N/A
3199	N/A
3685	N/A
3392	N/A
3204	N/A
3108	N/A
3206	N/A
3110	N/A
3501	N/A
3402	N/A
3403	N/A
3404	N/A
3405	N/A
3120	N/A
3408	N/A
3122	N/A
3123	N/A
3124	N/A
3125	N/A
3126	N/A
3411	N/A
3413	N/A
3414	N/A
3226	N/A
3131	N/A
3132	N/A
3133	N/A
3419	N/A
3420	N/A
3233	N/A
3234	N/A
3235	N/A
3429	N/A
3144	N/A
3145	N/A
3146	N/A
3630	N/A
3631	N/A
3437	N/A
3438	N/A
3439	N/A
3250	N/A
3251	N/A
3442	N/A
3443	N/A
3444	N/A
3445	N/A
3446	N/A
3257	N/A
3258	N/A
3259	N/A
3450	N/A
3261	N/A
3452	N/A
3263	N/A
3264	N/A
3265	N/A
3555	N/A
3556	N/A
3173	N/A
3558	N/A
3559	N/A
3561	N/A
3178	N/A
3563	N/A
3564	N/A
3565	N/A
3566	N/A
3469	N/A
3470	N/A
3471	N/A
3472	N/A
3572	N/A
3573	N/A
3189	N/A
3677	N/A
3678	N/A
3288	N/A
3483	N/A
3196	N/A
3683	N/A
3583	N/A
3490	N/A
3586	N/A
3493	N/A
3494	N/A
3495	N/A
3496	N/A
3903	N/A
3203	N/A
3113	N/A
3502	N/A
3115	N/A
3116	N/A
3117	N/A
3118	N/A
3604	N/A
3312	N/A
3121	N/A
3314	N/A
3315	N/A
3127	N/A
3128	N/A
3129	N/A
3612	N/A
3613	N/A
3614	N/A
3615	N/A
3616	N/A
3617	N/A
3135	N/A
3136	N/A
3137	N/A
3138	N/A
3530	N/A
3238	N/A
3532	N/A
3240	N/A
3241	N/A
3242	N/A
3243	N/A
3244	N/A
3149	N/A
3246	N/A
3248	N/A
3154	N/A
3155	N/A
3252	N/A
3157	N/A
3254	N/A
3159	N/A
3256	N/A
3161	N/A
3353	N/A
3354	N/A
3164	N/A
3165	N/A
3166	N/A
3551	N/A
3552	N/A
3361	N/A
3654	N/A
3363	N/A
3656	N/A
3365	N/A
3658	N/A
3176	N/A
3660	N/A
3273	N/A
3662	N/A
3275	N/A
3664	N/A
3665	N/A
3666	N/A
3667	N/A
3668	N/A
3669	N/A
3670	N/A
3671	N/A
3672	N/A
3673	N/A
3285	N/A
3381	N/A
3577	N/A
3193	N/A
3289	N/A
3580	N/A
3291	N/A
3582	N/A
3388	N/A
3294	N/A
3295	N/A
3296	N/A
3686	N/A
3687	N/A
3299	N/A
3689	N/A
3588	N/A
3691	N/A
3703	N/A
3704	N/A
3207	N/A
3112	N/A
3114	N/A
3211	N/A
3601	N/A
3311	N/A
3407	N/A
3605	N/A
3409	N/A
3607	N/A
3222	N/A
3320	N/A
3225	N/A
3323	N/A
3324	N/A
3325	N/A
3326	N/A
3134	N/A
3328	N/A
3421	N/A
3422	N/A
3423	N/A
3139	N/A
3333	N/A
3236	Defensor Moura
3237	N/A
3239	N/A
3430	N/A
3148	N/A
3245	N/A
3436	N/A
3342	N/A
3343	N/A
3344	N/A
3640	N/A
3641	N/A
3642	N/A
3643	N/A
3644	N/A
3645	N/A
3646	N/A
3647	N/A
3648	N/A
3649	N/A
3650	N/A
3651	N/A
3652	N/A
3653	N/A
3266	N/A
3171	N/A
3172	N/A
3269	N/A
3174	N/A
3175	N/A
3462	N/A
3177	N/A
3464	N/A
3179	N/A
3180	N/A
3181	N/A
3182	N/A
3374	N/A
3376	N/A
3183	N/A
3184	N/A
3476	N/A
3477	N/A
3478	N/A
3479	N/A
3382	N/A
3192	N/A
3482	N/A
3194	N/A
3195	N/A
3387	N/A
3486	N/A
3489	N/A
3391	N/A
3491	N/A
3688	N/A
3394	N/A
3690	N/A
3696	N/A
3708	N/A
3909	N/A
3710	N/A
3700	N/A
3805	N/A
3914	Vítor Fontes
3915	Óscar Gaspar
3401	N/A
3503	N/A
3212	N/A
3310	N/A
3410	N/A
3316	N/A
3512	N/A
3516	N/A
3517	N/A
3130	N/A
3519	N/A
3520	N/A
3521	N/A
3522	N/A
3230	N/A
3231	N/A
3232	N/A
3330	N/A
3331	N/A
3529	N/A
3141	N/A
3428	N/A
3337	N/A
3338	N/A
3339	N/A
3147	N/A
3534	N/A
3535	N/A
3536	N/A
3537	N/A
3538	N/A
3539	N/A
3345	N/A
3346	N/A
3347	N/A
3348	N/A
3349	N/A
3350	N/A
3351	N/A
3352	N/A
3448	N/A
3449	N/A
3260	N/A
3356	N/A
3262	N/A
3358	N/A
3359	N/A
3169	N/A
3455	N/A
3362	N/A
3457	N/A
3364	N/A
3459	N/A
3366	N/A
3271	N/A
3369	N/A
3371	N/A
3276	N/A
3277	N/A
3278	N/A
3279	N/A
3280	N/A
3281	N/A
3282	N/A
3283	N/A
3186	N/A
3378	N/A
3379	N/A
3284	N/A
3190	N/A
3286	N/A
3287	N/A
3481	N/A
3579	N/A
3385	N/A
3198	N/A
3488	N/A
3390	N/A
3584	N/A
3297	N/A
3200	N/A
3492	N/A
3300	N/A
3901	N/A
3902	N/A
3399	N/A
3905	N/A
3801	N/A
3591	N/A
3395	N/A
3397	N/A
3398	N/A
3693	N/A
3694	N/A
3695	N/A
3590	N/A
3907	Lisa Garcia
3908	Álvaro Silvano
3699	N/A
3910	Eugénia Amaral
3911	Lídia Dutra
3912	Cláudio Lopes
3596	N/A
3806	N/A
3807	N/A
3808	N/A
3810	N/A
3811	N/A
3916	Mariana Franco
3813	N/A
3816	N/A
3817	N/A
3821	N/A
3924	Leontina Novo
3823	N/A
3825	N/A
3926	Pedro Filipe Soares
3927	Catarina Gomes
3928	Nelson Peralta
3828	N/A
3930	Fernando Medina
3931	Conceição Casa Nova
3833	N/A
3933	Maria da Fé Carvalho
3934	João Ramos
3939	Hernâni Loureiro
3842	N/A
3843	N/A
3744	N/A
3845	N/A
3942	Francisca Almeida
3848	N/A
3943	Nuno Reis
3944	Teresa Fernandes
3750	N/A
3754	N/A
3855	N/A
3857	N/A
3858	N/A
3859	N/A
3950	Rui Barreira
3951	José Maria Cardoso
3952	Paula Cristina Nogueira
3953	Henrique Nunes
3864	N/A
3865	N/A
3866	N/A
3956	N/A
3957	José Ferreira Gomes
3868	N/A
3959	N/A
3960	N/A
3961	Maria Jorge Martins
3872	N/A
3873	N/A
3874	N/A
3965	Ana Rita Calmeiro
3966	Álvaro Reis Batista
3967	N/A
3968	N/A
3969	N/A
3970	N/A
3971	N/A
3972	N/A
3973	N/A
3974	N/A
3878	N/A
3879	N/A
3880	N/A
3881	N/A
3882	N/A
3883	N/A
3885	N/A
3984	N/A
3985	N/A
3888	N/A
3889	N/A
3890	N/A
3988	Sónia Martins
3989	Paulo Mota Pinto
3799	N/A
3499	N/A
3906	Maria Luísa Santos
3707	N/A
3594	N/A
3595	N/A
3713	N/A
3597	N/A
3598	N/A
3599	N/A
3600	N/A
3718	N/A
3719	N/A
3720	N/A
3917	Raúl Martins
3918	Maria Paula Cardoso
3721	N/A
3919	Amadeu Soares Albergaria
3920	Carla Rodrigues
3921	Dora Ramos
3820	N/A
3923	Ângelo Soares
3724	N/A
3925	José Pinheiro e Silva
3726	N/A
3727	N/A
3728	N/A
3729	N/A
3829	N/A
3731	N/A
3732	N/A
3733	N/A
3734	N/A
3735	N/A
3736	N/A
3737	N/A
3935	Hugo Pires
3936	Palmira da Costa
3738	N/A
3937	Frederico Castro
3938	Teresa Elsa Costa
3740	N/A
3940	Deolinda Pimenta
3941	Laurentino Regado
3743	N/A
3846	N/A
3745	N/A
3746	N/A
3747	N/A
3748	N/A
3749	N/A
3945	Pedro Rodrigues
3946	Zita Matos Gomes
3854	N/A
3947	Jorge Adélio da Costa
3755	N/A
3948	Maria Graça da Mota
3757	N/A
3758	N/A
3759	N/A
3760	N/A
3761	N/A
3762	N/A
3954	João Salgado Almeida
3955	Ana Duque Dias
3765	N/A
3766	N/A
3958	Maria Helena Gonçalves
3769	N/A
3770	N/A
3962	Artur Patuleia
3772	N/A
3963	Carlos Costa Neves
3964	Carlos São Martinho
3782	N/A
3783	N/A
3975	N/A
3976	N/A
3977	N/A
3978	N/A
3979	N/A
3980	N/A
3981	N/A
3790	N/A
3983	N/A
3792	N/A
3793	N/A
3986	Ana Jorge
3987	António Simões Cardoso
3796	N/A
3797	N/A
3990	Pedro Saraiva
3894	N/A
3993	Filpe Reis
3994	Ana Paula Sançana
3995	João Serpa Oliva
3996	Carlos Nunes Silva
3899	N/A
3393	N/A
3396	N/A
3702	N/A
3497	N/A
3498	N/A
3400	N/A
3500	N/A
3697	N/A
3698	N/A
3709	N/A
3802	N/A
3803	N/A
3804	N/A
3714	N/A
3715	N/A
3716	N/A
3812	N/A
3814	N/A
3815	N/A
3722	N/A
3818	N/A
3819	N/A
3723	N/A
3822	N/A
3725	N/A
3824	N/A
3826	N/A
3827	N/A
3730	N/A
3839	N/A
3830	N/A
3831	N/A
3832	N/A
3834	N/A
3835	N/A
3836	N/A
3837	N/A
3739	N/A
3841	N/A
3741	N/A
3742	N/A
3844	N/A
3847	N/A
3849	N/A
3850	N/A
3751	N/A
3752	N/A
3756	N/A
3860	N/A
3861	N/A
3862	N/A
3863	N/A
3763	N/A
3764	N/A
3867	N/A
3767	N/A
3768	N/A
3869	N/A
3870	N/A
3871	N/A
3771	N/A
3773	N/A
3774	N/A
3775	N/A
3776	N/A
3777	N/A
3778	N/A
3779	N/A
3780	N/A
3781	N/A
3875	N/A
3876	N/A
3877	N/A
3784	N/A
3785	N/A
3786	N/A
3787	N/A
3788	N/A
3789	N/A
3982	N/A
3884	N/A
3791	N/A
3886	N/A
3887	N/A
3794	N/A
3795	N/A
3891	N/A
3798	N/A
3800	N/A
3992	Madalena Carrito
3893	N/A
3895	N/A
3896	N/A
3897	N/A
3898	N/A
3900	N/A
3998	José Manuel Pureza
3999	Maria Helena Loureiro
4000	José João Lucas
4001	António Manuel Rodrigues
4002	N/A
4101	Francisco Silva Ramos
4102	Beatriz Gomes
4104	Rita Rato
4201	José Arieiro
4109	N/A
4208	Acácio Pinto
4116	N/A
4122	N/A
4215	Joaquim Seixas
4224	N/A
4134	Manuel Seabra
4226	Rita Fernandes
4136	Maria Conceição Loureiro
4233	N/A
4234	N/A
4235	N/A
4240	N/A
4243	N/A
4148	Luís Vales
4157	Michael Seufert
4261	N/A
4164	Maria Fátima Monteiro
4174	José Gusmão
4175	Bruno Carreira
4178	Liliana Barros de Sousa
4284	N/A
4187	Pedro Jesus Marques
4298	N/A
4299	N/A
4003	N/A
4004	N/A
4005	N/A
4006	Rui de Sá
4007	Sónia Ferro
4009	N/A
4010	José Miranda Correia
4202	José de Bianchi
4011	Isilda Gomes
4205	Isabel Sequeira
4212	Neuza Neves
4021	Maria Filomena Carrilho
4220	Luís Miguel França
4221	Vânia Jesus
4034	N/A
4037	N/A
4232	N/A
4241	N/A
4244	N/A
4050	Fernando Marques
4051	Maria Conceição Pereira
4052	Pedro Pimpão
4256	N/A
4059	Heitor Sousa
4060	José Saraiva Rodrigues
4262	N/A
4263	N/A
4264	N/A
4271	N/A
4272	N/A
4073	Jesuína Ribeiro
4280	N/A
4282	N/A
4083	Carla de Sousa
4290	N/A
4295	N/A
4296	N/A
4094	Maria Emília Felicíssimo
4096	Isabel Galriça Neto
4103	João Teiga Zilhão
4008	Josué Bacalhau
4105	Catarina Casanova
4107	Pedro Ventura
4108	N/A
4110	N/A
4118	N/A
4018	Artur Rêgo
4126	Luís Testa
4127	Maria Grilo
4028	Maria Helena Ferreira
4032	Hugo Miranda
4138	José Teixeira de Sousa
4039	N/A
4141	Paulo Ferraz
4142	Carlos Araújo
4044	N/A
4045	N/A
4145	Luís Menezes
4047	Alves Henriques
4053	José Leitão Silva
4054	Paula Pinto Alves
4156	Manuel Mirra
4158	Marília Elisabete Silva
4067	Rui Prudêncio
4167	Anabela Freitas
4069	Sérgio Paiva
4171	Ana Marta Mendes
4080	Ricardo Saldanha
4082	José Reis Santos
4183	N/A
4184	N/A
4086	António Leitão Amaro
4188	Sofia Cabral
4092	Odete Silva
4193	Maria das Mercês Borges
4106	Elsa Couchinho
4203	José Mimoso Cardoso
4012	Fernando Anastácio
4204	António Cabeleira
4111	N/A
4112	N/A
4113	N/A
4014	Antonieta Guerreiro
4015	Elidérico Viegas
4016	Maria João Caetano
4209	Elza Pais
4017	Fábio Bota
4211	Maria Helena Rebelo
4120	N/A
4125	N/A
4216	João Montenegro
4024	Maria Luísa Gonzalez
4025	João Carlos Brandão
4128	Miguel Monteiro
4219	Bernardo Trindade
4131	N/A
4132	Teixeira dos Santos
4030	Carlos Peixoto
4133	Isabel Oneto
4225	José Manuel Rodrigues
4033	N/A
4035	N/A
4036	N/A
4038	N/A
4139	Joel Azevedo
4040	N/A
4144	Luísa Roseira
4147	Carla Barros
4049	Vítor Vieira
4245	N/A
4150	Paulo José Correia
4151	N/A
4152	Fernando Cruz Macedo
4250	N/A
4251	N/A
4155	Rodrigo Lopes
4056	João Guerreiro
4254	N/A
4161	Catarina Martins
4064	Inês de Medeiros
4265	N/A
4166	João Galamba
4068	Teresa Damásio
4168	Maria da Assunção Duarte
4169	Carina Oliveira
4071	Pedro Jesus
4072	Tiago Bastos
4172	Filipe Lobo D' Ávila
4173	Maria Margarida Neto
4277	N/A
4279	N/A
4079	Augusto Salgueiro
4285	N/A
4287	N/A
4185	N/A
4013	Jorge Bacelar Gouveia
4206	Nataniel Araújo
4207	N/A
4210	José Rui Cruz
4019	Ester Castro Coelho
4213	Teresa Santos
4022	João Vasconcelos
4217	Manuel Castelo-Branco
4026	José Pereira Marques
4129	Cristóvão Crespo
4031	Ângela Guerra
4227	Fernando Colmenero Ferreira
4137	André Ferreira
4140	Lígia Eiras
4041	N/A
4042	N/A
4043	N/A
4237	N/A
4238	N/A
4239	N/A
4046	Odete Alves
4146	Margarida Almeida
4242	N/A
4149	Amélia Oliveira
4246	Maria do Rosário Relva
4248	N/A
4058	Domingos Carvalho
4258	N/A
4159	Manuel Pedro Costa
4061	Isabel Pinto
4260	N/A
4063	Adelino Granja
4162	Moisés Ferreira
4163	Sandra Carvalho
4065	Miguel Vale Almeida
4066	Duarte Cordeiro
4269	N/A
4270	N/A
4273	N/A
4274	N/A
4074	Paulo Afonso
4075	Graça Teixeira
4076	Ana Venâncio
4077	Manuel Pimenta
4281	N/A
4177	Henrique Leal
4179	N/A
4283	N/A
4181	N/A
4182	N/A
4286	N/A
4084	Daniel de Almeida
4291	N/A
4292	N/A
4089	Pedro Gonçalves
4090	Margarida Saavedra
4114	N/A
4117	N/A
4119	N/A
4121	N/A
4020	Rui Costa
4023	Joaquim Mealha Costa
4027	Nuno Silva
4130	Miguel Arriaga
4029	Matilde Fernandes
4222	Maria João Monte
4223	N/A
4135	Nuno Araújo
4229	Carlos Silva Ferreira
4230	N/A
4231	N/A
4236	N/A
4247	N/A
4249	N/A
4153	Leandra de Sousa
4154	José Ferreira Neves
4055	Olga Silvestre
4253	N/A
4057	Assunção Cristas
4255	N/A
4257	N/A
4259	N/A
4062	Fábio Salgado
4165	Alcinda da Silva
4266	Diamantino Sabina
4267	N/A
4268	N/A
4070	Maria Manuela Gonçalves
4275	N/A
4276	N/A
4278	N/A
4176	Sara Cura
4078	Cláudia Ferreira
4180	N/A
4081	Inês Gomes
4288	N/A
4289	N/A
4186	Eurídice Pereira
4294	N/A
4087	Celeste Amaro
4293	N/A
4088	Joaquim Cruz
4190	Maria José Esteves
4297	N/A
4093	Gonçalo Sampaio
4095	Sérgio Azevedo
4196	Sandra Cunha
4197	Paula Santos
4097	Orísia Roque
4198	Regina Marques
4100	N/A
4191	Nuno Tavares
4091	Paulo Pereira
4192	João Alves Barata
4194	Jorge Duarte Costa
4195	Fernando Sequeira
4098	Silvino Rodrigues
4199	Anabela Rodrigues
4200	Ivone Amaral
173	Jaime Gama
2	N/A
10	N/A
11	N/A
12	N/A
13	N/A
14	N/A
15	N/A
16	N/A
17	N/A
18	N/A
19	N/A
20	N/A
21	N/A
22	N/A
23	N/A
24	N/A
25	N/A
26	Arménio Santos
27	N/A
28	N/A
29	N/A
30	N/A
31	N/A
32	N/A
33	N/A
34	N/A
35	N/A
36	N/A
37	N/A
38	N/A
39	N/A
40	N/A
41	N/A
42	Duarte Pacheco
43	N/A
44	N/A
45	N/A
46	N/A
47	N/A
48	N/A
49	N/A
50	N/A
51	N/A
52	N/A
53	N/A
54	N/A
55	N/A
56	N/A
57	N/A
58	N/A
59	N/A
60	N/A
61	N/A
62	N/A
63	N/A
64	N/A
65	N/A
66	N/A
67	N/A
68	N/A
69	N/A
70	N/A
71	N/A
72	N/A
73	N/A
74	N/A
75	N/A
76	N/A
77	José Cesário
78	Pacheco Pereira
79	N/A
80	N/A
81	N/A
82	N/A
83	N/A
84	N/A
85	N/A
86	N/A
87	N/A
88	N/A
89	N/A
90	N/A
91	N/A
92	N/A
93	N/A
94	N/A
95	N/A
96	N/A
97	N/A
98	N/A
99	N/A
100	N/A
101	N/A
102	N/A
103	N/A
104	N/A
105	N/A
106	N/A
107	N/A
108	N/A
109	N/A
110	N/A
111	N/A
112	N/A
113	N/A
114	N/A
115	N/A
116	N/A
117	N/A
118	N/A
119	N/A
120	N/A
121	N/A
122	N/A
123	Miguel Macedo
124	N/A
125	N/A
126	N/A
127	N/A
3	Adão Silva
4	N/A
5	N/A
6	N/A
7	N/A
8	N/A
9	N/A
0	N/A
1	N/A
343	N/A
532	N/A
700	N/A
1163	N/A
978	N/A
1166	N/A
893	N/A
986	N/A
1083	N/A
1085	N/A
1280	N/A
1187	N/A
1300	N/A
1108	N/A
929	N/A
1304	N/A
935	N/A
1215	N/A
1220	N/A
1039	N/A
1231	N/A
1045	N/A
1145	N/A
1148	N/A
1251	N/A
1159	N/A
1354	N/A
1359	N/A
1741	Paulo Pisco
1991	Clara Carneiro
1466	N/A
1952	N/A
1467	N/A
1762	Margarida Botelho
1471	N/A
1860	N/A
1656	N/A
1862	N/A
1657	João Pinho de Almeida
1767	N/A
1658	N/A
1659	N/A
1992	N/A
1382	N/A
1993	Pedro do ó Ramos
1994	N/A
1575	N/A
1995	N/A
1996	N/A
1871	N/A
1997	N/A
1998	Luís Campos Ferreira
1579	N/A
1999	N/A
2000	N/A
1876	N/A
2001	N/A
2002	N/A
2003	N/A
1488	Afonso Candal
2004	N/A
1685	N/A
2005	N/A
1882	N/A
2007	N/A
2008	N/A
2009	N/A
2010	N/A
1689	N/A
1887	N/A
2011	Pedro Silva Pereira
2012	N/A
1891	N/A
2015	António Almeida Henriques
1501	N/A
1695	N/A
2016	N/A
1595	N/A
1786	N/A
2017	N/A
2018	N/A
2019	N/A
2020	N/A
2021	Manuel Joaquim Ferreira
2022	N/A
1513	N/A
2023	N/A
2024	N/A
2027	Adriano Rafael Moreira
2028	N/A
2029	N/A
1905	Fernando Negrão
1906	N/A
1608	N/A
2030	N/A
2031	N/A
1711	N/A
1909	N/A
1910	N/A
1911	N/A
1713	Bruno Vitorino
2033	N/A
2034	N/A
2035	N/A
2036	N/A
2037	N/A
1918	N/A
1919	N/A
1920	N/A
2038	Fernando Alves Pereira
1817	N/A
2041	António Manuel Campos
2043	Ângela Sabino
1924	N/A
1925	N/A
1926	N/A
1828	N/A
2044	N/A
2046	N/A
1546	N/A
1988	N/A
2048	N/A
2049	N/A
2050	N/A
1932	N/A
2051	N/A
2052	N/A
1837	N/A
1935	N/A
2053	N/A
1637	N/A
2054	N/A
1966	Maria João Fonseca
2055	N/A
2056	Marisa Macedo
1742	N/A
1842	N/A
2058	N/A
1744	N/A
1968	N/A
2059	N/A
1845	N/A
1745	N/A
1942	N/A
1943	Ramos Preto
1944	N/A
1945	N/A
1946	N/A
1947	N/A
1948	N/A
1949	N/A
1950	N/A
1951	José de Matos Rosa
1983	N/A
1953	N/A
1954	N/A
1955	N/A
1956	N/A
1653	N/A
1957	N/A
1959	N/A
1865	N/A
2013	N/A
2938	N/A
2727	N/A
2701	N/A
2315	N/A
2413	N/A
2822	N/A
2223	N/A
2191	Helena Pinto
2224	N/A
2419	Cecília Meireles
2420	N/A
2137	N/A
2429	N/A
2143	Fernando Pratas
2634	N/A
2535	N/A
2636	N/A
2147	N/A
2348	N/A
2443	N/A
2152	N/A
2255	N/A
2669	N/A
2264	Pedro Farmhouse
2481	N/A
2399	N/A
2180	N/A
2696	N/A
2592	N/A
2404	N/A
2702	N/A
3002	N/A
2704	N/A
2602	N/A
2814	N/A
2815	N/A
2293	N/A
2503	N/A
2803	N/A
2823	N/A
2201	N/A
2932	N/A
2739	N/A
2945	N/A
2869	N/A
2901	N/A
2804	N/A
3003	N/A
3684	N/A
3587	N/A
3705	N/A
3208	N/A
3904	N/A
3809	N/A
3602	N/A
3506	N/A
3406	N/A
3215	N/A
3119	N/A
3216	N/A
3217	N/A
3510	N/A
3219	N/A
3220	N/A
3221	N/A
3412	N/A
3224	N/A
3417	N/A
3329	N/A
3619	N/A
3527	N/A
3332	N/A
3528	N/A
3140	N/A
3426	N/A
3624	N/A
3335	N/A
3531	N/A
3143	N/A
3435	N/A
3247	N/A
3249	N/A
3440	N/A
3156	N/A
3447	N/A
3357	N/A
3168	N/A
3553	N/A
3170	N/A
3560	N/A
3272	N/A
3661	N/A
3274	N/A
3375	N/A
3187	N/A
3188	N/A
3575	N/A
3576	N/A
3679	N/A
3578	N/A
3680	N/A
3681	N/A
3484	N/A
3485	N/A
3197	N/A
3487	N/A
3585	N/A
3298	N/A
3593	N/A
3997	Anabela Ponçes Correia
3701	N/A
3692	N/A
3589	N/A
3892	N/A
3706	N/A
3592	N/A
3711	N/A
3712	N/A
3913	Wilson Ávila
3717	N/A
3922	Eugénia Maria Frias
3929	António Torres
3932	Rui Faustino
3838	N/A
3840	N/A
3851	N/A
3852	N/A
3853	N/A
3753	N/A
3856	N/A
3949	Maria Antonieta Dias
3991	Nuno Encarnação
4099	N/A
4085	Pedro Lynce
4115	N/A
4123	N/A
4214	João Figueiredo
4124	N/A
4218	Ana Paula Seabra
4228	Dora Mourinho
4143	Raquel Coelho
4048	Lucília Costa
4252	N/A
4160	Carla Roque Santos
4170	Duarte Filipe Marques
4189	Amílcar Romano
4300	N/A
